habitat,species
sea_grass,Cominella_glandiformis
sea_grass,Cominella_glandiformis
sea_grass,Cominella_glandiformis
sea_grass,Cominella_glandiformis
sea_grass,Cominella_glandiformis
sea_grass,Cominella_glandiformis
sea_grass,Cominella_glandiformis
sea_grass,Cominella_glandiformis
sea_grass,Cominella_glandiformis
sea_grass,Cominella_glandiformis
sea_grass,Cominella_glandiformis
sea_grass,Cominella_glandiformis
sea_grass,Cominella_glandiformis
sea_grass,Cominella_glandiformis
sea_grass,Cominella_glandiformis
sea_grass,Cominella_glandiformis
sea_grass,Cominella_glandiformis
sea_grass,Cominella_glandiformis
sea_grass,Cominella_glandiformis
sea_grass,Cominella_glandiformis
sea_grass,Cominella_glandiformis
sea_grass,Cominella_glandiformis
sea_grass,Cominella_glandiformis
sea_grass,Cominella_glandiformis
sea_grass,Cominella_glandiformis
sea_grass,Notoacmea_scapha
sea_grass,Notoacmea_scapha
sea_grass,Nucula_hartvigiana
sea_grass,Nucula_hartvigiana
sea_grass,Nucula_hartvigiana
sea_grass,Nucula_hartvigiana
sea_grass,Nucula_hartvigiana
sea_grass,Nucula_hartvigiana
sea_grass,Nucula_hartvigiana
sea_grass,Nucula_hartvigiana
sea_grass,Nucula_hartvigiana
sea_grass,Magelona_dakini
sea_grass,Magelona_dakini
sea_grass,Magelona_dakini
sea_grass,Magelona_dakini
sea_grass,Magelona_dakini
sea_grass,Magelona_dakini
sea_grass,Magelona_dakini
sea_grass,Magelona_dakini
sea_grass,Magelona_dakini
sea_grass,Magelona_dakini
sea_grass,Magelona_dakini
sea_grass,Magelona_dakini
sea_grass,Magelona_dakini
sea_grass,Magelona_dakini
sea_grass,Magelona_dakini
sea_grass,Magelona_dakini
sea_grass,Magelona_dakini
sea_grass,Magelona_dakini
sea_grass,Magelona_dakini
sea_grass,Magelona_dakini
sea_grass,Magelona_dakini
sea_grass,Magelona_dakini
sea_grass,Aglaophamus_macroura
sea_grass,Aglaophamus_macroura
sea_grass,Aglaophamus_macroura
sea_grass,Aglaophamus_macroura
sea_grass,Aglaophamus_macroura
sea_grass,Aglaophamus_macroura
sea_grass,Aglaophamus_macroura
sea_grass,Paracalliope_novizealandiae
sea_grass,Paracalliope_novizealandiae
sea_grass,Paracalliope_novizealandiae
sea_grass,Paracalliope_novizealandiae
sea_grass,Paracalliope_novizealandiae
sea_grass,Paracalliope_novizealandiae
sea_grass,Paracalliope_novizealandiae
sea_grass,Paracalliope_novizealandiae
sea_grass,Paracalliope_novizealandiae
open_sand,Cominella_glandiformis
open_sand,Cominella_glandiformis
open_sand,Cominella_glandiformis
open_sand,Cominella_glandiformis
open_sand,Cominella_glandiformis
open_sand,Cominella_glandiformis
open_sand,Cominella_glandiformis
open_sand,Cominella_glandiformis
open_sand,Cominella_glandiformis
open_sand,Cominella_glandiformis
open_sand,Cominella_glandiformis
open_sand,Cominella_glandiformis
open_sand,Cominella_glandiformis
open_sand,Cominella_glandiformis
open_sand,Cominella_glandiformis
open_sand,Cominella_glandiformis
open_sand,Cominella_glandiformis
open_sand,Cominella_glandiformis
open_sand,Cominella_glandiformis
open_sand,Cominella_glandiformis
open_sand,Cominella_glandiformis
open_sand,Notoacmea_scapha
open_sand,Notoacmea_scapha
open_sand,Notoacmea_scapha
open_sand,Notoacmea_scapha
open_sand,Nucula_hartvigiana
open_sand,Nucula_hartvigiana
open_sand,Nucula_hartvigiana
open_sand,Nucula_hartvigiana
open_sand,Nucula_hartvigiana
open_sand,Nucula_hartvigiana
open_sand,Nucula_hartvigiana
open_sand,Nucula_hartvigiana
open_sand,Nucula_hartvigiana
open_sand,Nucula_hartvigiana
open_sand,Nucula_hartvigiana
open_sand,Magelona_dakini
open_sand,Magelona_dakini
open_sand,Magelona_dakini
open_sand,Magelona_dakini
open_sand,Magelona_dakini
open_sand,Magelona_dakini
open_sand,Magelona_dakini
open_sand,Magelona_dakini
open_sand,Aglaophamus_macroura
open_sand,Aglaophamus_macroura
open_sand,Aglaophamus_macroura
open_sand,Aglaophamus_macroura
open_sand,Aglaophamus_macroura
open_sand,Aglaophamus_macroura
open_sand,Aglaophamus_macroura
open_sand,Aglaophamus_macroura
open_sand,Aglaophamus_macroura
open_sand,Aglaophamus_macroura
open_sand,Aglaophamus_macroura
open_sand,Aglaophamus_macroura
open_sand,Paracalliope_novizealandiae
open_sand,Paracalliope_novizealandiae
open_sand,Paracalliope_novizealandiae
open_sand,Paracalliope_novizealandiae
open_sand,Paracalliope_novizealandiae
open_sand,Paracalliope_novizealandiae
open_sand,Paracalliope_novizealandiae
open_sand,Paracalliope_novizealandiae
open_sand,Paracalliope_novizealandiae
open_sand,Paracalliope_novizealandiae
open_sand,Paracalliope_novizealandiae
open_sand,Paracalliope_novizealandiae
open_sand,Paracalliope_novizealandiae
